persoonsgebonden_nummer;inschrijvingsjaar;instellingscode;actuele_instelling;opleidingscode;opleidingsvorm;opleidingsfase;maand_vanaf;code_beeindiging;eerste_jaar_aan_deze_instelling;eerste_jaar_in_het_hoger_onderwijs;eerste_jaar_aan_deze_opleiding_instelling;verblijfsjaar_hoger_onderwijs;geslacht;leeftijd_per_peildatum_1_oktober;hoogste_vooropleiding;diplomajaar_van_de_hoogste_vooropl_voor_het_ho;herkomst_indikking_volgens_cbs_definitie;gem_eindcijfer_vo_van_de_hoogste_vooropl_voor_het_ho;indicatie_actief_op_peildatum;soort_inschrijving_continu_type_ho_binnen_ho;indicatie_eerstejaars_continu_type_ho_binnen_ho;datum_inschrijving;datum_uitschrijving
10008;2021;DEMO;DEMO;99001;1;B;9;0;2021;2021;2021;1;V;20;404;2021;1;8.2;1;1;1;20210901;0
10008;2022;DEMO;DEMO;99001;1;B;9;0;2021;2021;2021;2;V;21;404;2020;1;8.2;1;2;2;20220901;0
10011;2021;DEMO;DEMO;99001;1;B;9;0;2021;2021;2021;1;V;18;405;2021;1;7.0;1;1;1;20210901;0
10011;2022;DEMO;DEMO;99001;1;B;9;0;2021;2021;2021;2;V;19;405;2020;1;7.0;1;2;2;20220901;0
10014;2021;DEMO;DEMO;99001;1;B;9;0;2021;2021;2021;1;V;20;405;2021;1;7.7;1;1;1;20210901;20210831
10016;2021;DEMO;DEMO;99001;1;B;9;0;2021;2021;2021;1;V;18;405;2021;1;7.3;1;1;1;20210901;0
10016;2022;DEMO;DEMO;99001;1;B;9;0;2021;2021;2021;2;V;19;405;2021;1;7.3;1;2;2;20220901;0
10021;2021;DEMO;DEMO;99001;1;B;9;0;2021;2021;2021;1;V;18;405;2019;1;7.8;1;1;1;20210901;0
10021;2022;DEMO;DEMO;99001;1;B;9;0;2021;2021;2021;2;V;19;405;2019;1;7.8;1;2;2;20220901;0
10027;2021;DEMO;DEMO;99001;1;B;9;0;2021;2021;2021;1;M;19;404;2019;1;6.9;1;1;1;20210901;0
10027;2022;DEMO;DEMO;99001;1;B;9;0;2021;2021;2021;2;M;20;404;2020;1;6.9;1;2;2;20220901;0
10031;2021;DEMO;DEMO;99001;1;B;9;0;2021;2021;2021;1;V;19;405;2020;2;6.7;1;1;1;20210901;0
10031;2022;DEMO;DEMO;99001;1;B;9;0;2021;2021;2021;2;V;20;405;2021;2;6.7;1;2;2;20220901;0
10041;2021;DEMO;DEMO;99001;1;B;9;0;2021;2021;2021;1;V;21;404;2019;1;8.3;1;1;1;20210901;0
10041;2022;DEMO;DEMO;99001;1;B;9;0;2021;2021;2021;2;V;22;404;2019;1;8.3;1;2;2;20220901;0
10045;2021;DEMO;DEMO;99001;1;B;9;0;2021;2021;2021;1;V;21;405;2020;7;7.2;1;1;1;20210901;0
10045;2022;DEMO;DEMO;99001;1;B;9;0;2021;2021;2021;2;V;22;405;2021;7;7.2;1;2;2;20220901;0
10047;2021;DEMO;DEMO;99001;1;B;9;0;2021;2021;2021;1;V;19;411;2019;1;6.9;1;1;1;20210901;0
10047;2022;DEMO;DEMO;99001;1;B;9;0;2021;2021;2021;2;V;20;411;2021;1;6.9;1;2;2;20220901;0
10052;2021;DEMO;DEMO;99001;1;B;9;0;2021;2021;2021;1;V;19;404;2021;1;6.9;1;1;1;20210901;0
10052;2022;DEMO;DEMO;99001;1;B;9;0;2021;2021;2021;2;V;20;404;2020;1;6.9;1;2;2;20220901;0
10054;2021;DEMO;DEMO;99001;1;B;9;0;2021;2021;2021;1;V;20;405;2020;1;7.9;1;1;1;20210901;0
10054;2022;DEMO;DEMO;99001;1;B;9;0;2021;2021;2021;2;V;21;405;2020;1;7.9;1;2;2;20220901;0
10058;2021;DEMO;DEMO;99001;1;B;9;0;2021;2021;2021;1;V;19;404;2020;1;7.2;1;1;1;20210901;0
10058;2022;DEMO;DEMO;99001;1;B;9;0;2021;2021;2021;2;V;20;404;2021;1;7.2;1;2;2;20220901;0
10061;2021;DEMO;DEMO;99001;1;B;9;0;2021;2021;2021;1;V;19;404;2019;4;8.1;1;1;1;20210901;0
10061;2022;DEMO;DEMO;99001;1;B;9;0;2021;2021;2021;2;V;20;404;2019;4;8.1;1;2;2;20220901;0
10064;2021;DEMO;DEMO;99001;1;B;9;0;2021;2018;2021;1;M;17;502;2021;1;6.2;1;1;1;20210901;20210831
10068;2021;DEMO;DEMO;99001;1;B;9;0;2021;2021;2021;1;V;21;405;2021;1;6.6;1;1;1;20210901;0
10068;2022;DEMO;DEMO;99001;1;B;9;0;2021;2021;2021;2;V;22;405;2020;1;6.6;1;2;2;20220901;0
10069;2021;DEMO;DEMO;99001;1;B;9;0;2021;2021;2021;1;V;17;405;2019;1;8.0;1;1;1;20210901;20210831
10072;2021;DEMO;DEMO;99001;1;B;9;0;2021;2021;2021;1;V;18;405;2019;1;6.2;1;1;1;20210901;0
10072;2022;DEMO;DEMO;99001;1;B;9;0;2021;2021;2021;2;V;19;405;2020;1;6.2;1;2;2;20220901;0
10073;2021;DEMO;DEMO;99001;1;B;9;0;2021;2021;2021;1;V;21;403;2019;1;6.2;1;1;1;20210901;0
10073;2022;DEMO;DEMO;99001;1;B;9;0;2021;2021;2021;2;V;22;403;2021;1;6.2;1;2;2;20220901;0
10074;2021;DEMO;DEMO;99001;1;B;9;0;2021;2021;2021;1;V;18;403;2019;1;5.7;1;1;1;20210901;20210831
10081;2021;DEMO;DEMO;99001;1;B;9;0;2021;2021;2021;1;M;18;405;2020;7;7.0;1;1;1;20210901;0
10081;2022;DEMO;DEMO;99001;1;B;9;0;2021;2021;2021;2;M;19;405;2021;7;7.0;1;2;2;20220901;0
10084;2021;DEMO;DEMO;99001;1;B;9;0;2021;2021;2021;1;V;19;405;2019;1;7.1;1;1;1;20210901;20210831
10093;2021;DEMO;DEMO;99001;1;B;9;0;2021;2021;2021;1;V;18;405;2020;5;8.5;1;1;1;20210901;20210831
10098;2021;DEMO;DEMO;99001;1;B;9;0;2021;2021;2021;1;V;18;405;2021;5;7.7;1;1;1;20210901;20210831
10099;2021;DEMO;DEMO;99001;1;B;9;0;2021;2021;2021;1;V;20;404;2021;2;6.9;1;1;1;20210901;20210831
10101;2021;DEMO;DEMO;99001;1;B;9;0;2021;2019;2021;1;V;19;502;2021;1;5.5;1;1;1;20210901;0
10101;2022;DEMO;DEMO;99001;1;B;9;0;2021;2018;2021;2;V;20;502;2019;1;5.5;1;2;2;20220901;0
10102;2021;DEMO;DEMO;99001;1;B;9;0;2021;2021;2021;1;V;18;403;2020;1;6.5;1;1;1;20210901;20210831
10103;2021;DEMO;DEMO;99001;1;B;9;0;2021;2021;2021;1;V;17;405;2021;1;7.0;1;1;1;20210901;20210831
10105;2021;DEMO;DEMO;99001;1;B;9;0;2021;2021;2021;1;V;20;405;2020;1;8.1;1;1;1;20210901;0
10105;2022;DEMO;DEMO;99001;1;B;9;0;2021;2021;2021;2;V;21;405;2019;1;8.1;1;2;2;20220901;0
10112;2021;DEMO;DEMO;99001;1;B;9;0;2021;2021;2021;1;V;19;405;2019;4;5.8;1;1;1;20210901;20210831
10116;2021;DEMO;DEMO;99001;1;B;9;0;2021;2021;2021;1;V;19;405;2019;7;7.2;1;1;1;20210901;20210831
10122;2021;DEMO;DEMO;99001;1;B;9;0;2021;2021;2021;1;V;17;411;2021;1;8.1;1;1;1;20210901;20210831
10125;2021;DEMO;DEMO;99001;1;B;9;0;2021;2021;2021;1;V;19;405;2021;1;7.5;1;1;1;20210901;0
10125;2022;DEMO;DEMO;99001;1;B;9;0;2021;2021;2021;2;V;20;405;2020;1;7.5;1;2;2;20220901;0
10126;2021;DEMO;DEMO;99001;1;B;9;0;2021;2021;2021;1;M;20;403;2020;7;6.5;1;1;1;20210901;0
10126;2022;DEMO;DEMO;99001;1;B;9;0;2021;2021;2021;2;M;21;403;2021;7;6.5;1;2;2;20220901;0
10129;2021;DEMO;DEMO;99001;1;B;9;0;2021;2021;2021;1;V;19;405;2021;1;7.5;1;1;1;20210901;20210831
10130;2021;DEMO;DEMO;99001;1;B;9;0;2021;2021;2021;1;V;17;405;2019;1;7.4;1;1;1;20210901;0
10130;2022;DEMO;DEMO;99001;1;B;9;0;2021;2021;2021;2;V;18;405;2019;1;7.4;1;2;2;20220901;0
10131;2021;DEMO;DEMO;99001;1;B;9;0;2021;2021;2021;1;V;20;404;2021;1;5.9;1;1;1;20210901;20210831
10134;2021;DEMO;DEMO;99001;1;B;9;0;2021;2021;2021;1;V;19;405;2019;1;7.4;1;1;1;20210901;20210831
10139;2021;DEMO;DEMO;99001;1;B;9;0;2021;2019;2021;1;V;19;502;2021;1;6.8;1;1;1;20210901;0
10139;2022;DEMO;DEMO;99001;1;B;9;0;2021;2020;2021;2;V;20;502;2019;1;6.8;1;2;2;20220901;0
10141;2021;DEMO;DEMO;99001;1;B;9;0;2021;2021;2021;1;V;17;403;2021;2;7.8;1;1;1;20210901;0
10141;2022;DEMO;DEMO;99001;1;B;9;0;2021;2021;2021;2;V;18;403;2020;2;7.8;1;2;2;20220901;0
10142;2021;DEMO;DEMO;99001;1;B;9;0;2021;2021;2021;1;V;18;411;2020;1;7.7;1;1;1;20210901;20210831
10147;2021;DEMO;DEMO;99001;1;B;9;0;2021;2021;2021;1;V;20;411;2019;2;7.4;1;1;1;20210901;0
10147;2022;DEMO;DEMO;99001;1;B;9;0;2021;2021;2021;2;V;21;411;2019;2;7.4;1;2;2;20220901;0
10151;2021;DEMO;DEMO;99001;1;B;9;0;2021;2021;2021;1;V;20;404;2019;1;6.2;1;1;1;20210901;0
10151;2022;DEMO;DEMO;99001;1;B;9;0;2021;2021;2021;2;V;21;404;2021;1;6.2;1;2;2;20220901;0
10155;2021;DEMO;DEMO;99001;1;B;9;0;2021;2019;2021;1;M;18;502;2020;5;6.4;1;1;1;20210901;20210831
10156;2021;DEMO;DEMO;99001;1;B;9;0;2021;2021;2021;1;M;20;405;2019;1;7.4;1;1;1;20210901;0
10156;2022;DEMO;DEMO;99001;1;B;9;0;2021;2021;2021;2;M;21;405;2020;1;7.4;1;2;2;20220901;0
10159;2021;DEMO;DEMO;99001;1;B;9;0;2021;2021;2021;1;O;20;405;2019;1;6.7;1;1;1;20210901;20210831
10162;2021;DEMO;DEMO;99001;1;B;9;0;2021;2021;2021;1;M;19;403;2021;5;6.3;1;1;1;20210901;20210831
10167;2021;DEMO;DEMO;99001;1;B;9;0;2021;2021;2021;1;V;18;404;2021;1;6.9;1;1;1;20210901;0
10167;2022;DEMO;DEMO;99001;1;B;9;0;2021;2021;2021;2;V;19;404;2019;1;6.9;1;2;2;20220901;0
10170;2021;DEMO;DEMO;99001;1;B;9;0;2021;2021;2021;1;V;18;411;2020;1;7.8;1;1;1;20210901;0
10170;2022;DEMO;DEMO;99001;1;B;9;0;2021;2021;2021;2;V;19;411;2020;1;7.8;1;2;2;20220901;0
10173;2021;DEMO;DEMO;99001;1;B;9;0;2021;2021;2021;1;M;18;405;2020;5;6.2;1;1;1;20210901;20210831
10174;2021;DEMO;DEMO;99001;1;B;9;0;2021;2021;2021;1;V;20;403;2021;1;7.2;1;1;1;20210901;0
10174;2022;DEMO;DEMO;99001;1;B;9;0;2021;2021;2021;2;V;21;403;2021;1;7.2;1;2;2;20220901;0
10176;2021;DEMO;DEMO;99001;1;B;9;0;2021;2021;2021;1;V;18;405;2021;4;7.6;1;1;1;20210901;0
10176;2022;DEMO;DEMO;99001;1;B;9;0;2021;2021;2021;2;V;19;405;2019;4;7.6;1;2;2;20220901;0
10177;2021;DEMO;DEMO;99001;1;B;9;0;2021;2021;2021;1;M;22;404;2020;1;7.2;1;1;1;20210901;0
10177;2022;DEMO;DEMO;99001;1;B;9;0;2021;2021;2021;2;M;23;404;2020;1;7.2;1;2;2;20220901;0
10180;2021;DEMO;DEMO;99001;1;B;9;0;2021;2021;2021;1;V;20;405;2019;1;6.8;1;1;1;20210901;0
10180;2022;DEMO;DEMO;99001;1;B;9;0;2021;2021;2021;2;V;21;405;2019;1;6.8;1;2;2;20220901;0
10188;2021;DEMO;DEMO;99001;1;B;9;0;2021;2021;2021;1;V;18;404;2020;3;5.1;1;1;1;20210901;20210831
10190;2021;DEMO;DEMO;99001;1;B;9;0;2021;2019;2021;1;V;18;502;2020;1;7.3;1;1;1;20210901;0
10190;2022;DEMO;DEMO;99001;1;B;9;0;2021;2020;2021;2;V;19;502;2019;1;7.3;1;2;2;20220901;0
10191;2021;DEMO;DEMO;99001;1;B;9;0;2021;2021;2021;1;M;19;405;2019;1;7.6;1;1;1;20210901;0
10191;2022;DEMO;DEMO;99001;1;B;9;0;2021;2021;2021;2;M;20;405;2019;1;7.6;1;2;2;20220901;0
10195;2021;DEMO;DEMO;99001;1;B;9;0;2021;2021;2021;1;M;20;404;2019;1;7.4;1;1;1;20210901;0
10195;2022;DEMO;DEMO;99001;1;B;9;0;2021;2021;2021;2;M;21;404;2019;1;7.4;1;2;2;20220901;0
10198;2021;DEMO;DEMO;99001;1;B;9;0;2021;2021;2021;1;M;17;403;2019;1;7.2;1;1;1;20210901;20210831
10200;2021;DEMO;DEMO;99001;1;B;9;0;2021;2021;2021;1;V;18;405;2020;2;7.4;1;1;1;20210901;20210831
10207;2021;DEMO;DEMO;99001;1;B;9;0;2021;2021;2021;1;M;20;403;2019;1;7.6;1;1;1;20210901;20210831
10209;2021;DEMO;DEMO;99001;1;B;9;0;2021;2021;2021;1;V;19;411;2019;4;7.4;1;1;1;20210901;20210831
10213;2021;DEMO;DEMO;99001;1;B;9;0;2021;2021;2021;1;V;21;402;2021;3;6.9;1;1;1;20210901;0
10213;2022;DEMO;DEMO;99001;1;B;9;0;2021;2021;2021;2;V;22;402;2021;3;6.9;1;2;2;20220901;0
10218;2021;DEMO;DEMO;99001;1;B;9;0;2021;2021;2021;1;V;20;403;2020;2;6.9;1;1;1;20210901;0
10218;2022;DEMO;DEMO;99001;1;B;9;0;2021;2021;2021;2;V;21;403;2019;2;6.9;1;2;2;20220901;0
10219;2021;DEMO;DEMO;99001;1;B;9;0;2021;2021;2021;1;M;17;411;2020;1;7.9;1;1;1;20210901;0
10219;2022;DEMO;DEMO;99001;1;B;9;0;2021;2021;2021;2;M;18;411;2021;1;7.9;1;2;2;20220901;0
10224;2021;DEMO;DEMO;99001;1;B;9;0;2021;2021;2021;1;V;20;405;2020;1;7.5;1;1;1;20210901;20210831
10230;2021;DEMO;DEMO;99001;1;B;9;0;2021;2021;2021;1;M;19;403;2019;1;6.6;1;1;1;20210901;0
10230;2022;DEMO;DEMO;99001;1;B;9;0;2021;2021;2021;2;M;20;403;2020;1;6.6;1;2;2;20220901;0
10233;2021;DEMO;DEMO;99001;1;B;9;0;2021;2021;2021;1;V;19;411;2020;1;7.4;1;1;1;20210901;20210831
10234;2021;DEMO;DEMO;99001;1;B;9;0;2021;2021;2021;1;M;18;404;2021;7;6.7;1;1;1;20210901;20210831
10240;2021;DEMO;DEMO;99001;1;B;9;0;2021;2021;2021;1;M;19;404;2019;1;7.3;1;1;1;20210901;20210831
10243;2021;DEMO;DEMO;99001;1;B;9;0;2021;2020;2021;1;V;18;502;2020;4;6.6;1;1;1;20210901;20210831
10247;2021;DEMO;DEMO;99001;1;B;9;0;2021;2021;2021;1;V;18;403;2020;1;7.6;1;1;1;20210901;20210831
10248;2021;DEMO;DEMO;99001;1;B;9;0;2021;2021;2021;1;M;22;405;2021;1;7.7;1;1;1;20210901;20210831
10249;2021;DEMO;DEMO;99001;1;B;9;0;2021;2021;2021;1;V;20;411;2021;7;6.8;1;1;1;20210901;20210831
10256;2021;DEMO;DEMO;99001;1;B;9;0;2021;2021;2021;1;V;20;411;2020;1;7.5;1;1;1;20210901;20210831
10257;2021;DEMO;DEMO;99001;1;B;9;0;2021;2021;2021;1;V;19;405;2021;1;7.4;1;1;1;20210901;20210831
10261;2021;DEMO;DEMO;99001;1;B;9;0;2021;2021;2021;1;V;19;403;2019;1;8.1;1;1;1;20210901;0
10261;2022;DEMO;DEMO;99001;1;B;9;0;2021;2021;2021;2;V;20;403;2019;1;8.1;1;2;2;20220901;0
10267;2021;DEMO;DEMO;99001;1;B;9;0;2021;2019;2021;1;M;23;502;2020;1;6.8;1;1;1;20210901;20210831
10269;2021;DEMO;DEMO;99001;1;B;9;0;2021;2021;2021;1;M;20;403;2020;1;7.2;1;1;1;20210901;0
10269;2022;DEMO;DEMO;99001;1;B;9;0;2021;2021;2021;2;M;21;403;2020;1;7.2;1;2;2;20220901;0
10271;2021;DEMO;DEMO;99001;1;B;9;0;2021;2021;2021;1;V;18;405;2021;4;7.2;1;1;1;20210901;0
10271;2022;DEMO;DEMO;99001;1;B;9;0;2021;2021;2021;2;V;19;405;2020;4;7.2;1;2;2;20220901;0
10272;2021;DEMO;DEMO;99001;1;B;9;0;2021;2021;2021;1;V;22;404;2021;1;6.5;1;1;1;20210901;0
10272;2022;DEMO;DEMO;99001;1;B;9;0;2021;2021;2021;2;V;23;404;2021;1;6.5;1;2;2;20220901;0
10276;2021;DEMO;DEMO;99001;1;B;9;0;2021;2021;2021;1;V;17;405;2019;1;7.3;1;1;1;20210901;0
10276;2022;DEMO;DEMO;99001;1;B;9;0;2021;2021;2021;2;V;18;405;2019;1;7.3;1;2;2;20220901;0
10283;2021;DEMO;DEMO;99001;1;B;9;0;2021;2021;2021;1;V;21;403;2019;1;7.5;1;1;1;20210901;0
10283;2022;DEMO;DEMO;99001;1;B;9;0;2021;2021;2021;2;V;22;403;2021;1;7.5;1;2;2;20220901;0
10285;2021;DEMO;DEMO;99001;1;B;9;0;2021;2021;2021;1;V;18;411;2019;1;5.9;1;1;1;20210901;0
10285;2022;DEMO;DEMO;99001;1;B;9;0;2021;2021;2021;2;V;19;411;2019;1;5.9;1;2;2;20220901;0
10295;2021;DEMO;DEMO;99001;1;B;9;0;2021;2021;2021;1;M;21;403;2019;2;6.7;1;1;1;20210901;0
10295;2022;DEMO;DEMO;99001;1;B;9;0;2021;2021;2021;2;M;22;403;2019;2;6.7;1;2;2;20220901;0
10296;2021;DEMO;DEMO;99001;1;B;9;0;2021;2021;2021;1;M;20;404;2021;7;7.1;1;1;1;20210901;20210831
10297;2021;DEMO;DEMO;99001;1;B;9;0;2021;2021;2021;1;V;21;405;2019;7;7.1;1;1;1;20210901;20210831
10299;2021;DEMO;DEMO;99001;1;B;9;0;2021;2021;2021;1;V;18;405;2021;1;8.5;1;1;1;20210901;0
10299;2022;DEMO;DEMO;99001;1;B;9;0;2021;2021;2021;2;V;19;405;2019;1;8.5;1;2;2;20220901;0
10313;2021;DEMO;DEMO;99001;1;B;9;0;2021;2021;2021;1;V;21;404;2020;3;8.0;1;1;1;20210901;20210831
10315;2021;DEMO;DEMO;99001;1;B;9;0;2021;2021;2021;1;V;21;403;2019;1;7.2;1;1;1;20210901;0
10315;2022;DEMO;DEMO;99001;1;B;9;0;2021;2021;2021;2;V;22;403;2021;1;7.2;1;2;2;20220901;0
10317;2021;DEMO;DEMO;99001;1;B;9;0;2021;2021;2021;1;M;17;405;2019;5;7.3;1;1;1;20210901;0
10317;2022;DEMO;DEMO;99001;1;B;9;0;2021;2021;2021;2;M;18;405;2019;5;7.3;1;2;2;20220901;0
10326;2021;DEMO;DEMO;99001;1;B;9;0;2021;2021;2021;1;V;19;404;2020;1;6.0;1;1;1;20210901;0
10326;2022;DEMO;DEMO;99001;1;B;9;0;2021;2021;2021;2;V;20;404;2020;1;6.0;1;2;2;20220901;0
10328;2021;DEMO;DEMO;99001;1;B;9;0;2021;2021;2021;1;M;21;411;2020;2;7.5;1;1;1;20210901;20210831
10331;2021;DEMO;DEMO;99001;1;B;9;0;2021;2021;2021;1;V;19;405;2019;1;6.8;1;1;1;20210901;0
10331;2022;DEMO;DEMO;99001;1;B;9;0;2021;2021;2021;2;V;20;405;2019;1;6.8;1;2;2;20220901;0
10339;2021;DEMO;DEMO;99001;1;B;9;0;2021;2021;2021;1;M;19;411;2020;2;6.6;1;1;1;20210901;0
10339;2022;DEMO;DEMO;99001;1;B;9;0;2021;2021;2021;2;M;20;411;2019;2;6.6;1;2;2;20220901;0
10347;2022;DEMO;DEMO;99001;1;B;9;0;2022;2022;2022;1;M;22;404;2022;2;6.7;1;1;1;20220901;0
10347;2023;DEMO;DEMO;99001;1;B;9;0;2022;2022;2022;2;M;23;404;2022;2;6.7;1;2;2;20230901;0
10351;2022;DEMO;DEMO;99001;1;B;9;0;2022;2022;2022;1;V;18;411;2020;1;7.0;1;1;1;20220901;0
10351;2023;DEMO;DEMO;99001;1;B;9;0;2022;2022;2022;2;V;19;411;2020;1;7.0;1;2;2;20230901;0
10355;2022;DEMO;DEMO;99001;1;B;9;0;2022;2022;2022;1;M;19;405;2021;1;7.8;1;1;1;20220901;20220831
10357;2022;DEMO;DEMO;99001;1;B;9;0;2022;2022;2022;1;V;18;404;2020;1;7.7;1;1;1;20220901;0
10357;2023;DEMO;DEMO;99001;1;B;9;0;2022;2022;2022;2;V;19;404;2020;1;7.7;1;2;2;20230901;0
10359;2022;DEMO;DEMO;99001;1;B;9;0;2022;2022;2022;1;V;18;402;2021;2;6.8;1;1;1;20220901;0
10359;2023;DEMO;DEMO;99001;1;B;9;0;2022;2022;2022;2;V;19;402;2021;2;6.8;1;2;2;20230901;0
10365;2022;DEMO;DEMO;99001;1;B;9;0;2022;2022;2022;1;M;17;411;2021;2;8.0;1;1;1;20220901;0
10365;2023;DEMO;DEMO;99001;1;B;9;0;2022;2022;2022;2;M;18;411;2021;2;8.0;1;2;2;20230901;0
10367;2022;DEMO;DEMO;99001;1;B;9;0;2022;2022;2022;1;V;19;405;2021;1;7.2;1;1;1;20220901;20220831
10370;2022;DEMO;DEMO;99001;1;B;9;0;2022;2022;2022;1;V;20;404;2022;3;7.5;1;1;1;20220901;20220831
10373;2022;DEMO;DEMO;99001;1;B;9;0;2022;2020;2022;1;V;18;502;2022;5;6.1;1;1;1;20220901;0
10373;2023;DEMO;DEMO;99001;1;B;9;0;2022;2021;2022;2;V;19;502;2022;5;6.1;1;2;2;20230901;0
10375;2022;DEMO;DEMO;99001;1;B;9;0;2022;2022;2022;1;V;18;405;2021;1;7.0;1;1;1;20220901;0
10375;2023;DEMO;DEMO;99001;1;B;9;0;2022;2022;2022;2;V;19;405;2022;1;7.0;1;2;2;20230901;0
10378;2022;DEMO;DEMO;99001;1;B;9;0;2022;2019;2022;1;V;19;502;2021;2;7.2;1;1;1;20220901;0
10378;2023;DEMO;DEMO;99001;1;B;9;0;2022;2021;2022;2;V;20;502;2022;2;7.2;1;2;2;20230901;0
10381;2022;DEMO;DEMO;99001;1;B;9;0;2022;2022;2022;1;V;20;405;2021;1;7.0;1;1;1;20220901;0
10381;2023;DEMO;DEMO;99001;1;B;9;0;2022;2022;2022;2;V;21;405;2021;1;7.0;1;2;2;20230901;0
10386;2022;DEMO;DEMO;99001;1;B;9;0;2022;2022;2022;1;M;18;405;2022;1;8.0;1;1;1;20220901;0
10386;2023;DEMO;DEMO;99001;1;B;9;0;2022;2022;2022;2;M;19;405;2022;1;8.0;1;2;2;20230901;0
10390;2022;DEMO;DEMO;99001;1;B;9;0;2022;2022;2022;1;V;20;411;2022;1;7.4;1;1;1;20220901;20220831
10397;2022;DEMO;DEMO;99001;1;B;9;0;2022;2020;2022;1;V;21;502;2022;1;5.3;1;1;1;20220901;0
10397;2023;DEMO;DEMO;99001;1;B;9;0;2022;2020;2022;2;V;22;502;2020;1;5.3;1;2;2;20230901;0
10402;2022;DEMO;DEMO;99001;1;B;9;0;2022;2022;2022;1;V;19;402;2022;1;6.9;1;1;1;20220901;20220831
10409;2022;DEMO;DEMO;99001;1;B;9;0;2022;2022;2022;1;V;18;411;2022;3;6.9;1;1;1;20220901;0
10409;2023;DEMO;DEMO;99001;1;B;9;0;2022;2022;2022;2;V;19;411;2021;3;6.9;1;2;2;20230901;0
10410;2022;DEMO;DEMO;99001;1;B;9;0;2022;2022;2022;1;M;19;405;2022;1;7.1;1;1;1;20220901;0
10410;2023;DEMO;DEMO;99001;1;B;9;0;2022;2022;2022;2;M;20;405;2020;1;7.1;1;2;2;20230901;0
10415;2022;DEMO;DEMO;99001;1;B;9;0;2022;2022;2022;1;V;19;404;2021;2;7.3;1;1;1;20220901;20220831
10418;2022;DEMO;DEMO;99001;1;B;9;0;2022;2019;2022;1;V;20;502;2020;4;6.0;1;1;1;20220901;0
10418;2023;DEMO;DEMO;99001;1;B;9;0;2022;2020;2022;2;V;21;502;2020;4;6.0;1;2;2;20230901;0
10426;2022;DEMO;DEMO;99001;1;B;9;0;2022;2022;2022;1;V;21;404;2022;1;6.5;1;1;1;20220901;20220831
10433;2022;DEMO;DEMO;99001;1;B;9;0;2022;2022;2022;1;M;20;411;2022;1;5.5;1;1;1;20220901;0
10433;2023;DEMO;DEMO;99001;1;B;9;0;2022;2022;2022;2;M;21;411;2021;1;5.5;1;2;2;20230901;0
10435;2022;DEMO;DEMO;99001;1;B;9;0;2022;2022;2022;1;V;20;405;2020;4;7.4;1;1;1;20220901;0
10435;2023;DEMO;DEMO;99001;1;B;9;0;2022;2022;2022;2;V;21;405;2022;4;7.4;1;2;2;20230901;0
10436;2022;DEMO;DEMO;99001;1;B;9;0;2022;2022;2022;1;M;19;404;2020;2;6.1;1;1;1;20220901;0
10436;2023;DEMO;DEMO;99001;1;B;9;0;2022;2022;2022;2;M;20;404;2020;2;6.1;1;2;2;20230901;0
10437;2022;DEMO;DEMO;99001;1;B;9;0;2022;2022;2022;1;V;17;411;2022;1;7.6;1;1;1;20220901;0
10437;2023;DEMO;DEMO;99001;1;B;9;0;2022;2022;2022;2;V;18;411;2022;1;7.6;1;2;2;20230901;0
10447;2022;DEMO;DEMO;99001;1;B;9;0;2022;2022;2022;1;M;20;405;2020;1;6.7;1;1;1;20220901;0
10447;2023;DEMO;DEMO;99001;1;B;9;0;2022;2022;2022;2;M;21;405;2020;1;6.7;1;2;2;20230901;0
10450;2022;DEMO;DEMO;99001;1;B;9;0;2022;2022;2022;1;O;20;405;2020;2;5.6;1;1;1;20220901;0
10450;2023;DEMO;DEMO;99001;1;B;9;0;2022;2022;2022;2;O;21;405;2021;2;5.6;1;2;2;20230901;0
10452;2022;DEMO;DEMO;99001;1;B;9;0;2022;2022;2022;1;V;18;411;2020;1;6.6;1;1;1;20220901;20220831
10453;2022;DEMO;DEMO;99001;1;B;9;0;2022;2022;2022;1;V;18;405;2020;5;7.1;1;1;1;20220901;0
10453;2023;DEMO;DEMO;99001;1;B;9;0;2022;2022;2022;2;V;19;405;2021;5;7.1;1;2;2;20230901;0
10454;2022;DEMO;DEMO;99001;1;B;9;0;2022;2022;2022;1;V;20;405;2022;1;8.0;1;1;1;20220901;0
10454;2023;DEMO;DEMO;99001;1;B;9;0;2022;2022;2022;2;V;21;405;2020;1;8.0;1;2;2;20230901;0
10459;2022;DEMO;DEMO;99001;1;B;9;0;2022;2022;2022;1;V;18;404;2021;1;7.1;1;1;1;20220901;0
10459;2023;DEMO;DEMO;99001;1;B;9;0;2022;2022;2022;2;V;19;404;2022;1;7.1;1;2;2;20230901;0
10461;2022;DEMO;DEMO;99001;1;B;9;0;2022;2022;2022;1;V;20;404;2020;1;7.0;1;1;1;20220901;0
10461;2023;DEMO;DEMO;99001;1;B;9;0;2022;2022;2022;2;V;21;404;2022;1;7.0;1;2;2;20230901;0
10462;2022;DEMO;DEMO;99001;1;B;9;0;2022;2022;2022;1;M;17;404;2022;1;7.4;1;1;1;20220901;0
10462;2023;DEMO;DEMO;99001;1;B;9;0;2022;2022;2022;2;M;18;404;2021;1;7.4;1;2;2;20230901;0
10463;2022;DEMO;DEMO;99001;1;B;9;0;2022;2022;2022;1;M;21;405;2022;1;6.6;1;1;1;20220901;0
10463;2023;DEMO;DEMO;99001;1;B;9;0;2022;2022;2022;2;M;22;405;2020;1;6.6;1;2;2;20230901;0
10466;2022;DEMO;DEMO;99001;1;B;9;0;2022;2022;2022;1;V;20;411;2020;1;7.6;1;1;1;20220901;0
10466;2023;DEMO;DEMO;99001;1;B;9;0;2022;2022;2022;2;V;21;411;2021;1;7.6;1;2;2;20230901;0
10471;2022;DEMO;DEMO;99001;1;B;9;0;2022;2022;2022;1;M;17;404;2021;2;7.3;1;1;1;20220901;0
10471;2023;DEMO;DEMO;99001;1;B;9;0;2022;2022;2022;2;M;18;404;2021;2;7.3;1;2;2;20230901;0
10474;2022;DEMO;DEMO;99001;1;B;9;0;2022;2022;2022;1;V;20;405;2020;1;7.1;1;1;1;20220901;0
10474;2023;DEMO;DEMO;99001;1;B;9;0;2022;2022;2022;2;V;21;405;2021;1;7.1;1;2;2;20230901;0
10478;2022;DEMO;DEMO;99001;1;B;9;0;2022;2022;2022;1;V;20;405;2022;1;6.8;1;1;1;20220901;0
10478;2023;DEMO;DEMO;99001;1;B;9;0;2022;2022;2022;2;V;21;405;2021;1;6.8;1;2;2;20230901;0
10481;2022;DEMO;DEMO;99001;1;B;9;0;2022;2019;2022;1;V;18;502;2021;1;7.6;1;1;1;20220901;0
10481;2023;DEMO;DEMO;99001;1;B;9;0;2022;2019;2022;2;V;19;502;2020;1;7.6;1;2;2;20230901;0
10482;2022;DEMO;DEMO;99001;1;B;9;0;2022;2022;2022;1;V;17;405;2022;1;7.0;1;1;1;20220901;0
10482;2023;DEMO;DEMO;99001;1;B;9;0;2022;2022;2022;2;V;18;405;2022;1;7.0;1;2;2;20230901;0
10484;2022;DEMO;DEMO;99001;1;B;9;0;2022;2022;2022;1;M;19;405;2021;1;6.6;1;1;1;20220901;0
10484;2023;DEMO;DEMO;99001;1;B;9;0;2022;2022;2022;2;M;20;405;2020;1;6.6;1;2;2;20230901;0
10491;2022;DEMO;DEMO;99001;1;B;9;0;2022;2022;2022;1;V;18;403;2022;7;5.9;1;1;1;20220901;20220831
10492;2022;DEMO;DEMO;99001;1;B;9;0;2022;2022;2022;1;M;20;404;2020;5;7.5;1;1;1;20220901;0
10492;2023;DEMO;DEMO;99001;1;B;9;0;2022;2022;2022;2;M;21;404;2022;5;7.5;1;2;2;20230901;0
10494;2022;DEMO;DEMO;99001;1;B;9;0;2022;2022;2022;1;V;19;403;2021;1;6.2;1;1;1;20220901;20220831
10496;2022;DEMO;DEMO;99001;1;B;9;0;2022;2019;2022;1;V;20;502;2021;1;6.8;1;1;1;20220901;0
10496;2023;DEMO;DEMO;99001;1;B;9;0;2022;2019;2022;2;V;21;502;2022;1;6.8;1;2;2;20230901;0
10497;2022;DEMO;DEMO;99001;1;B;9;0;2022;2022;2022;1;O;20;404;2021;1;6.7;1;1;1;20220901;0
10497;2023;DEMO;DEMO;99001;1;B;9;0;2022;2022;2022;2;O;21;404;2020;1;6.7;1;2;2;20230901;0
10498;2022;DEMO;DEMO;99001;1;B;9;0;2022;2022;2022;1;V;18;405;2020;1;6.3;1;1;1;20220901;0
10498;2023;DEMO;DEMO;99001;1;B;9;0;2022;2022;2022;2;V;19;405;2021;1;6.3;1;2;2;20230901;0
10505;2022;DEMO;DEMO;99001;1;B;9;0;2022;2022;2022;1;V;17;403;2022;1;7.1;1;1;1;20220901;20220831
10515;2022;DEMO;DEMO;99001;1;B;9;0;2022;2022;2022;1;V;19;404;2021;1;6.9;1;1;1;20220901;20220831
10518;2022;DEMO;DEMO;99001;1;B;9;0;2022;2021;2022;1;V;18;502;2021;1;5.3;1;1;1;20220901;0
10518;2023;DEMO;DEMO;99001;1;B;9;0;2022;2019;2022;2;V;19;502;2020;1;5.3;1;2;2;20230901;0
10522;2022;DEMO;DEMO;99001;1;B;9;0;2022;2020;2022;1;V;18;502;2021;7;7.4;1;1;1;20220901;20220831
10523;2022;DEMO;DEMO;99001;1;B;9;0;2022;2022;2022;1;M;19;411;2022;1;7.2;1;1;1;20220901;0
10523;2023;DEMO;DEMO;99001;1;B;9;0;2022;2022;2022;2;M;20;411;2020;1;7.2;1;2;2;20230901;0
10524;2022;DEMO;DEMO;99001;1;B;9;0;2022;2022;2022;1;V;21;404;2020;1;6.1;1;1;1;20220901;0
10524;2023;DEMO;DEMO;99001;1;B;9;0;2022;2022;2022;2;V;22;404;2021;1;6.1;1;2;2;20230901;0
10528;2022;DEMO;DEMO;99001;1;B;9;0;2022;2022;2022;1;V;20;405;2020;1;8.0;1;1;1;20220901;20220831
10538;2022;DEMO;DEMO;99001;1;B;9;0;2022;2022;2022;1;V;17;404;2022;1;6.5;1;1;1;20220901;0
10538;2023;DEMO;DEMO;99001;1;B;9;0;2022;2022;2022;2;V;18;404;2020;1;6.5;1;2;2;20230901;0
10541;2022;DEMO;DEMO;99001;1;B;9;0;2022;2022;2022;1;V;19;405;2020;1;7.1;1;1;1;20220901;0
10541;2023;DEMO;DEMO;99001;1;B;9;0;2022;2022;2022;2;V;20;405;2021;1;7.1;1;2;2;20230901;0
10548;2022;DEMO;DEMO;99001;1;B;9;0;2022;2022;2022;1;V;19;403;2020;1;8.2;1;1;1;20220901;0
10548;2023;DEMO;DEMO;99001;1;B;9;0;2022;2022;2022;2;V;20;403;2021;1;8.2;1;2;2;20230901;0
10549;2022;DEMO;DEMO;99001;1;B;9;0;2022;2021;2022;1;V;20;502;2020;1;6.2;1;1;1;20220901;0
10549;2023;DEMO;DEMO;99001;1;B;9;0;2022;2019;2022;2;V;21;502;2021;1;6.2;1;2;2;20230901;0
10552;2022;DEMO;DEMO;99001;1;B;9;0;2022;2022;2022;1;M;17;403;2020;1;7.3;1;1;1;20220901;0
10552;2023;DEMO;DEMO;99001;1;B;9;0;2022;2022;2022;2;M;18;403;2021;1;7.3;1;2;2;20230901;0
10560;2022;DEMO;DEMO;99001;1;B;9;0;2022;2022;2022;1;V;19;403;2022;1;7.1;1;1;1;20220901;0
10560;2023;DEMO;DEMO;99001;1;B;9;0;2022;2022;2022;2;V;20;403;2021;1;7.1;1;2;2;20230901;0
10563;2022;DEMO;DEMO;99001;1;B;9;0;2022;2022;2022;1;V;19;404;2022;1;7.1;1;1;1;20220901;20220831
10567;2022;DEMO;DEMO;99001;1;B;9;0;2022;2022;2022;1;M;19;403;2020;7;7.2;1;1;1;20220901;20220831
10568;2022;DEMO;DEMO;99001;1;B;9;0;2022;2022;2022;1;V;20;411;2021;3;7.1;1;1;1;20220901;20220831
10571;2022;DEMO;DEMO;99001;1;B;9;0;2022;2022;2022;1;M;20;404;2021;2;6.3;1;1;1;20220901;0
10571;2023;DEMO;DEMO;99001;1;B;9;0;2022;2022;2022;2;M;21;404;2022;2;6.3;1;2;2;20230901;0
10577;2022;DEMO;DEMO;99001;1;B;9;0;2022;2020;2022;1;M;20;502;2020;1;5.0;1;1;1;20220901;20220831
10585;2022;DEMO;DEMO;99001;1;B;9;0;2022;2022;2022;1;V;20;405;2021;1;7.3;1;1;1;20220901;20220831
10588;2022;DEMO;DEMO;99001;1;B;9;0;2022;2022;2022;1;V;17;405;2022;1;7.4;1;1;1;20220901;0
10588;2023;DEMO;DEMO;99001;1;B;9;0;2022;2022;2022;2;V;18;405;2020;1;7.4;1;2;2;20230901;0
10590;2022;DEMO;DEMO;99001;1;B;9;0;2022;2022;2022;1;V;18;405;2022;1;8.0;1;1;1;20220901;0
10590;2023;DEMO;DEMO;99001;1;B;9;0;2022;2022;2022;2;V;19;405;2022;1;8.0;1;2;2;20230901;0
10591;2022;DEMO;DEMO;99001;1;B;9;0;2022;2022;2022;1;M;18;404;2022;1;7.0;1;1;1;20220901;0
10591;2023;DEMO;DEMO;99001;1;B;9;0;2022;2022;2022;2;M;19;404;2020;1;7.0;1;2;2;20230901;0
10593;2022;DEMO;DEMO;99001;1;B;9;0;2022;2022;2022;1;V;19;404;2020;1;6.7;1;1;1;20220901;0
10593;2023;DEMO;DEMO;99001;1;B;9;0;2022;2022;2022;2;V;20;404;2020;1;6.7;1;2;2;20230901;0
10596;2022;DEMO;DEMO;99001;1;B;9;0;2022;2022;2022;1;V;19;411;2021;1;7.3;1;1;1;20220901;0
10596;2023;DEMO;DEMO;99001;1;B;9;0;2022;2022;2022;2;V;20;411;2021;1;7.3;1;2;2;20230901;0
10598;2022;DEMO;DEMO;99001;1;B;9;0;2022;2022;2022;1;M;20;405;2022;1;7.9;1;1;1;20220901;0
10598;2023;DEMO;DEMO;99001;1;B;9;0;2022;2022;2022;2;M;21;405;2021;1;7.9;1;2;2;20230901;0
10613;2022;DEMO;DEMO;99001;1;B;9;0;2022;2022;2022;1;M;18;404;2021;1;7.7;1;1;1;20220901;0
10613;2023;DEMO;DEMO;99001;1;B;9;0;2022;2022;2022;2;M;19;404;2022;1;7.7;1;2;2;20230901;0
10614;2022;DEMO;DEMO;99001;1;B;9;0;2022;2022;2022;1;M;17;404;2022;1;7.2;1;1;1;20220901;20220831
10616;2022;DEMO;DEMO;99001;1;B;9;0;2022;2022;2022;1;V;18;404;2022;1;6.8;1;1;1;20220901;0
10616;2023;DEMO;DEMO;99001;1;B;9;0;2022;2022;2022;2;V;19;404;2020;1;6.8;1;2;2;20230901;0
10618;2022;DEMO;DEMO;99001;1;B;9;0;2022;2022;2022;1;M;19;405;2021;1;6.2;1;1;1;20220901;0
10618;2023;DEMO;DEMO;99001;1;B;9;0;2022;2022;2022;2;M;20;405;2022;1;6.2;1;2;2;20230901;0
10620;2022;DEMO;DEMO;99001;1;B;9;0;2022;2022;2022;1;M;20;404;2021;5;6.7;1;1;1;20220901;0
10620;2023;DEMO;DEMO;99001;1;B;9;0;2022;2022;2022;2;M;21;404;2020;5;6.7;1;2;2;20230901;0
10622;2022;DEMO;DEMO;99001;1;B;9;0;2022;2022;2022;1;V;19;405;2020;1;7.0;1;1;1;20220901;0
10622;2023;DEMO;DEMO;99001;1;B;9;0;2022;2022;2022;2;V;20;405;2022;1;7.0;1;2;2;20230901;0
10623;2022;DEMO;DEMO;99001;1;B;9;0;2022;2022;2022;1;V;19;405;2020;3;6.5;1;1;1;20220901;20220831
10628;2022;DEMO;DEMO;99001;1;B;9;0;2022;2019;2022;1;V;18;502;2021;1;6.0;1;1;1;20220901;20220831
10630;2022;DEMO;DEMO;99001;1;B;9;0;2022;2022;2022;1;V;18;405;2021;1;6.6;1;1;1;20220901;0
10630;2023;DEMO;DEMO;99001;1;B;9;0;2022;2022;2022;2;V;19;405;2021;1;6.6;1;2;2;20230901;0
10633;2022;DEMO;DEMO;99001;1;B;9;0;2022;2022;2022;1;V;19;405;2020;1;7.4;1;1;1;20220901;20220831
10634;2022;DEMO;DEMO;99001;1;B;9;0;2022;2022;2022;1;V;21;404;2021;1;6.8;1;1;1;20220901;20220831
10635;2022;DEMO;DEMO;99001;1;B;9;0;2022;2022;2022;1;V;19;405;2020;1;6.8;1;1;1;20220901;0
10635;2023;DEMO;DEMO;99001;1;B;9;0;2022;2022;2022;2;V;20;405;2022;1;6.8;1;2;2;20230901;0
10639;2022;DEMO;DEMO;99001;1;B;9;0;2022;2022;2022;1;V;19;405;2020;3;7.9;1;1;1;20220901;0
10639;2023;DEMO;DEMO;99001;1;B;9;0;2022;2022;2022;2;V;20;405;2021;3;7.9;1;2;2;20230901;0
10646;2022;DEMO;DEMO;99001;1;B;9;0;2022;2022;2022;1;V;21;405;2022;1;7.7;1;1;1;20220901;0
10646;2023;DEMO;DEMO;99001;1;B;9;0;2022;2022;2022;2;V;22;405;2021;1;7.7;1;2;2;20230901;0
10647;2022;DEMO;DEMO;99001;1;B;9;0;2022;2022;2022;1;V;19;405;2022;4;6.9;1;1;1;20220901;20220831
10649;2022;DEMO;DEMO;99001;1;B;9;0;2022;2022;2022;1;V;20;405;2020;1;7.5;1;1;1;20220901;0
10649;2023;DEMO;DEMO;99001;1;B;9;0;2022;2022;2022;2;V;21;405;2022;1;7.5;1;2;2;20230901;0
10651;2022;DEMO;DEMO;99001;1;B;9;0;2022;2022;2022;1;M;20;405;2021;1;8.1;1;1;1;20220901;20220831
10652;2022;DEMO;DEMO;99001;1;B;9;0;2022;2022;2022;1;V;20;404;2021;1;7.4;1;1;1;20220901;20220831
10656;2022;DEMO;DEMO;99001;1;B;9;0;2022;2022;2022;1;V;19;405;2021;2;6.9;1;1;1;20220901;0
10656;2023;DEMO;DEMO;99001;1;B;9;0;2022;2022;2022;2;V;20;405;2020;2;6.9;1;2;2;20230901;0
10658;2022;DEMO;DEMO;99001;1;B;9;0;2022;2022;2022;1;V;17;411;2022;4;7.7;1;1;1;20220901;20220831
10664;2022;DEMO;DEMO;99001;1;B;9;0;2022;2022;2022;1;V;21;405;2020;5;7.9;1;1;1;20220901;20220831
10665;2022;DEMO;DEMO;99001;1;B;9;0;2022;2022;2022;1;V;19;403;2022;1;6.8;1;1;1;20220901;20220831
10669;2022;DEMO;DEMO;99001;1;B;9;0;2022;2021;2022;1;V;21;502;2020;1;7.0;1;1;1;20220901;20220831
10673;2022;DEMO;DEMO;99001;1;B;9;0;2022;2022;2022;1;V;21;405;2021;1;7.5;1;1;1;20220901;0
10673;2023;DEMO;DEMO;99001;1;B;9;0;2022;2022;2022;2;V;22;405;2020;1;7.5;1;2;2;20230901;0
10675;2022;DEMO;DEMO;99001;1;B;9;0;2022;2022;2022;1;M;20;411;2020;1;6.2;1;1;1;20220901;20220831
10680;2022;DEMO;DEMO;99001;1;B;9;0;2022;2022;2022;1;V;19;404;2020;1;6.4;1;1;1;20220901;0
10680;2023;DEMO;DEMO;99001;1;B;9;0;2022;2022;2022;2;V;20;404;2021;1;6.4;1;2;2;20230901;0
10684;2022;DEMO;DEMO;99001;1;B;9;0;2022;2022;2022;1;M;19;404;2020;1;6.2;1;1;1;20220901;0
10684;2023;DEMO;DEMO;99001;1;B;9;0;2022;2022;2022;2;M;20;404;2022;1;6.2;1;2;2;20230901;0
10687;2022;DEMO;DEMO;99001;1;B;9;0;2022;2022;2022;1;M;20;405;2022;3;6.8;1;1;1;20220901;20220831
10689;2022;DEMO;DEMO;99001;1;B;9;0;2022;2021;2022;1;V;18;502;2020;1;5.5;1;1;1;20220901;20220831
10694;2022;DEMO;DEMO;99001;1;B;9;0;2022;2022;2022;1;V;17;405;2021;1;6.8;1;1;1;20220901;0
10694;2023;DEMO;DEMO;99001;1;B;9;0;2022;2022;2022;2;V;18;405;2022;1;6.8;1;2;2;20230901;0
10697;2022;DEMO;DEMO;99001;1;B;9;0;2022;2022;2022;1;V;20;411;2022;5;6.3;1;1;1;20220901;0
10697;2023;DEMO;DEMO;99001;1;B;9;0;2022;2022;2022;2;V;21;411;2021;5;6.3;1;2;2;20230901;0
10700;2022;DEMO;DEMO;99001;1;B;9;0;2022;2022;2022;1;V;19;405;2020;1;7.2;1;1;1;20220901;0
10700;2023;DEMO;DEMO;99001;1;B;9;0;2022;2022;2022;2;V;20;405;2020;1;7.2;1;2;2;20230901;0
10713;2022;DEMO;DEMO;99001;1;B;9;0;2022;2022;2022;1;V;21;403;2022;1;7.2;1;1;1;20220901;20220831
10719;2022;DEMO;DEMO;99001;1;B;9;0;2022;2022;2022;1;V;21;405;2020;7;8.2;1;1;1;20220901;0
10719;2023;DEMO;DEMO;99001;1;B;9;0;2022;2022;2022;2;V;22;405;2020;7;8.2;1;2;2;20230901;0
10720;2022;DEMO;DEMO;99001;1;B;9;0;2022;2022;2022;1;V;18;404;2020;1;6.4;1;1;1;20220901;0
10720;2023;DEMO;DEMO;99001;1;B;9;0;2022;2022;2022;2;V;19;404;2021;1;6.4;1;2;2;20230901;0
10726;2022;DEMO;DEMO;99001;1;B;9;0;2022;2022;2022;1;M;22;405;2021;1;7.0;1;1;1;20220901;20220831
10728;2022;DEMO;DEMO;99001;1;B;9;0;2022;2022;2022;1;O;18;411;2022;1;8.1;1;1;1;20220901;0
10728;2023;DEMO;DEMO;99001;1;B;9;0;2022;2022;2022;2;O;19;411;2021;1;8.1;1;2;2;20230901;0
10731;2022;DEMO;DEMO;99001;1;B;9;0;2022;2022;2022;1;V;20;405;2021;5;5.8;1;1;1;20220901;20220831
10732;2022;DEMO;DEMO;99001;1;B;9;0;2022;2022;2022;1;M;18;411;2020;1;7.2;1;1;1;20220901;0
10732;2023;DEMO;DEMO;99001;1;B;9;0;2022;2022;2022;2;M;19;411;2020;1;7.2;1;2;2;20230901;0
10733;2022;DEMO;DEMO;99001;1;B;9;0;2022;2022;2022;1;M;19;405;2020;1;6.6;1;1;1;20220901;0
10733;2023;DEMO;DEMO;99001;1;B;9;0;2022;2022;2022;2;M;20;405;2021;1;6.6;1;2;2;20230901;0
10738;2022;DEMO;DEMO;99001;1;B;9;0;2022;2022;2022;1;V;18;411;2020;1;6.7;1;1;1;20220901;20220831
10753;2022;DEMO;DEMO;99001;1;B;9;0;2022;2022;2022;1;V;21;404;2022;1;5.9;1;1;1;20220901;0
10753;2023;DEMO;DEMO;99001;1;B;9;0;2022;2022;2022;2;V;22;404;2022;1;5.9;1;2;2;20230901;0
10759;2022;DEMO;DEMO;99001;1;B;9;0;2022;2022;2022;1;M;18;402;2022;1;6.8;1;1;1;20220901;20220831
10769;2023;DEMO;DEMO;99001;1;B;9;0;2023;2023;2023;1;V;18;405;2021;5;6.6;1;1;1;20230901;20230831
10775;2023;DEMO;DEMO;99001;1;B;9;0;2023;2023;2023;1;V;19;405;2022;3;7.3;1;1;1;20230901;20230831
10781;2023;DEMO;DEMO;99001;1;B;9;0;2023;2023;2023;1;M;19;404;2022;5;6.7;1;1;1;20230901;0
10781;2024;DEMO;DEMO;99001;1;B;9;0;2023;2023;2023;2;M;20;404;2022;5;6.7;1;2;2;20240901;0
10782;2023;DEMO;DEMO;99001;1;B;9;0;2023;2023;2023;1;V;19;403;2023;1;7.0;1;1;1;20230901;0
10782;2024;DEMO;DEMO;99001;1;B;9;0;2023;2023;2023;2;V;20;403;2021;1;7.0;1;2;2;20240901;0
10786;2023;DEMO;DEMO;99001;1;B;9;0;2023;2023;2023;1;M;19;403;2023;7;7.2;1;1;1;20230901;0
10786;2024;DEMO;DEMO;99001;1;B;9;0;2023;2023;2023;2;M;20;403;2023;7;7.2;1;2;2;20240901;0
10787;2023;DEMO;DEMO;99001;1;B;9;0;2023;2023;2023;1;V;19;402;2021;1;6.4;1;1;1;20230901;0
10787;2024;DEMO;DEMO;99001;1;B;9;0;2023;2023;2023;2;V;20;402;2023;1;6.4;1;2;2;20240901;0
10790;2023;DEMO;DEMO;99001;1;B;9;0;2023;2023;2023;1;M;19;404;2022;1;7.4;1;1;1;20230901;0
10790;2024;DEMO;DEMO;99001;1;B;9;0;2023;2023;2023;2;M;20;404;2022;1;7.4;1;2;2;20240901;0
10800;2023;DEMO;DEMO;99001;1;B;9;0;2023;2020;2023;1;V;20;502;2023;5;6.1;1;1;1;20230901;0
10800;2024;DEMO;DEMO;99001;1;B;9;0;2023;2020;2023;2;V;21;502;2023;5;6.1;1;2;2;20240901;0
10801;2023;DEMO;DEMO;99001;1;B;9;0;2023;2023;2023;1;M;21;405;2021;1;7.3;1;1;1;20230901;0
10801;2024;DEMO;DEMO;99001;1;B;9;0;2023;2023;2023;2;M;22;405;2022;1;7.3;1;2;2;20240901;0
10805;2023;DEMO;DEMO;99001;1;B;9;0;2023;2023;2023;1;M;18;405;2021;1;6.9;1;1;1;20230901;20230831
10812;2023;DEMO;DEMO;99001;1;B;9;0;2023;2023;2023;1;M;18;411;2021;3;7.6;1;1;1;20230901;0
10812;2024;DEMO;DEMO;99001;1;B;9;0;2023;2023;2023;2;M;19;411;2022;3;7.6;1;2;2;20240901;0
10814;2023;DEMO;DEMO;99001;1;B;9;0;2023;2023;2023;1;V;20;405;2021;1;7.6;1;1;1;20230901;0
10814;2024;DEMO;DEMO;99001;1;B;9;0;2023;2023;2023;2;V;21;405;2023;1;7.6;1;2;2;20240901;0
10819;2023;DEMO;DEMO;99001;1;B;9;0;2023;2023;2023;1;M;18;411;2023;7;8.9;1;1;1;20230901;0
10819;2024;DEMO;DEMO;99001;1;B;9;0;2023;2023;2023;2;M;19;411;2021;7;8.9;1;2;2;20240901;0
10820;2023;DEMO;DEMO;99001;1;B;9;0;2023;2023;2023;1;M;18;404;2023;1;6.3;1;1;1;20230901;0
10820;2024;DEMO;DEMO;99001;1;B;9;0;2023;2023;2023;2;M;19;404;2022;1;6.3;1;2;2;20240901;0
10821;2023;DEMO;DEMO;99001;1;B;9;0;2023;2020;2023;1;M;19;502;2023;1;5.7;1;1;1;20230901;0
10821;2024;DEMO;DEMO;99001;1;B;9;0;2023;2022;2023;2;M;20;502;2022;1;5.7;1;2;2;20240901;0
10830;2023;DEMO;DEMO;99001;1;B;9;0;2023;2023;2023;1;V;17;411;2023;4;7.9;1;1;1;20230901;20230831
10834;2023;DEMO;DEMO;99001;1;B;9;0;2023;2023;2023;1;V;20;411;2023;1;7.3;1;1;1;20230901;0
10834;2024;DEMO;DEMO;99001;1;B;9;0;2023;2023;2023;2;V;21;411;2022;1;7.3;1;2;2;20240901;0
10842;2023;DEMO;DEMO;99001;1;B;9;0;2023;2023;2023;1;V;20;404;2023;3;7.5;1;1;1;20230901;0
10842;2024;DEMO;DEMO;99001;1;B;9;0;2023;2023;2023;2;V;21;404;2023;3;7.5;1;2;2;20240901;0
10844;2023;DEMO;DEMO;99001;1;B;9;0;2023;2023;2023;1;M;21;405;2023;1;6.7;1;1;1;20230901;0
10844;2024;DEMO;DEMO;99001;1;B;9;0;2023;2023;2023;2;M;22;405;2021;1;6.7;1;2;2;20240901;0
10849;2023;DEMO;DEMO;99001;1;B;9;0;2023;2023;2023;1;V;20;405;2023;2;6.8;1;1;1;20230901;0
10849;2024;DEMO;DEMO;99001;1;B;9;0;2023;2023;2023;2;V;21;405;2023;2;6.8;1;2;2;20240901;0
10854;2023;DEMO;DEMO;99001;1;B;9;0;2023;2023;2023;1;M;19;405;2022;7;6.8;1;1;1;20230901;20230831
10857;2023;DEMO;DEMO;99001;1;B;9;0;2023;2023;2023;1;M;17;405;2022;1;6.3;1;1;1;20230901;20230831
10858;2023;DEMO;DEMO;99001;1;B;9;0;2023;2023;2023;1;V;19;405;2021;1;7.2;1;1;1;20230901;0
10858;2024;DEMO;DEMO;99001;1;B;9;0;2023;2023;2023;2;V;20;405;2021;1;7.2;1;2;2;20240901;0
10861;2023;DEMO;DEMO;99001;1;B;9;0;2023;2023;2023;1;V;18;405;2023;5;6.9;1;1;1;20230901;0
10861;2024;DEMO;DEMO;99001;1;B;9;0;2023;2023;2023;2;V;19;405;2022;5;6.9;1;2;2;20240901;0
10863;2023;DEMO;DEMO;99001;1;B;9;0;2023;2023;2023;1;V;20;405;2023;1;6.9;1;1;1;20230901;0
10863;2024;DEMO;DEMO;99001;1;B;9;0;2023;2023;2023;2;V;21;405;2023;1;6.9;1;2;2;20240901;0
10864;2023;DEMO;DEMO;99001;1;B;9;0;2023;2023;2023;1;V;21;405;2021;1;7.2;1;1;1;20230901;0
10864;2024;DEMO;DEMO;99001;1;B;9;0;2023;2023;2023;2;V;22;405;2022;1;7.2;1;2;2;20240901;0
10865;2023;DEMO;DEMO;99001;1;B;9;0;2023;2023;2023;1;V;17;411;2021;1;7.0;1;1;1;20230901;0
10865;2024;DEMO;DEMO;99001;1;B;9;0;2023;2023;2023;2;V;18;411;2022;1;7.0;1;2;2;20240901;0
10867;2023;DEMO;DEMO;99001;1;B;9;0;2023;2023;2023;1;V;19;404;2022;1;8.1;1;1;1;20230901;0
10867;2024;DEMO;DEMO;99001;1;B;9;0;2023;2023;2023;2;V;20;404;2023;1;8.1;1;2;2;20240901;0
10872;2023;DEMO;DEMO;99001;1;B;9;0;2023;2022;2023;1;V;18;502;2022;1;7.1;1;1;1;20230901;0
10872;2024;DEMO;DEMO;99001;1;B;9;0;2023;2021;2023;2;V;19;502;2022;1;7.1;1;2;2;20240901;0
10876;2023;DEMO;DEMO;99001;1;B;9;0;2023;2023;2023;1;V;19;404;2021;1;7.4;1;1;1;20230901;0
10876;2024;DEMO;DEMO;99001;1;B;9;0;2023;2023;2023;2;V;20;404;2022;1;7.4;1;2;2;20240901;0
10879;2023;DEMO;DEMO;99001;1;B;9;0;2023;2023;2023;1;V;18;405;2023;1;7.4;1;1;1;20230901;0
10879;2024;DEMO;DEMO;99001;1;B;9;0;2023;2023;2023;2;V;19;405;2022;1;7.4;1;2;2;20240901;0
10886;2023;DEMO;DEMO;99001;1;B;9;0;2023;2023;2023;1;M;19;405;2021;1;6.8;1;1;1;20230901;20230831
10887;2023;DEMO;DEMO;99001;1;B;9;0;2023;2023;2023;1;V;20;405;2022;1;7.5;1;1;1;20230901;0
10887;2024;DEMO;DEMO;99001;1;B;9;0;2023;2023;2023;2;V;21;405;2022;1;7.5;1;2;2;20240901;0
10893;2023;DEMO;DEMO;99001;1;B;9;0;2023;2023;2023;1;M;17;404;2021;1;6.8;1;1;1;20230901;0
10893;2024;DEMO;DEMO;99001;1;B;9;0;2023;2023;2023;2;M;18;404;2022;1;6.8;1;2;2;20240901;0
10899;2023;DEMO;DEMO;99001;1;B;9;0;2023;2023;2023;1;V;21;403;2021;1;7.0;1;1;1;20230901;0
10899;2024;DEMO;DEMO;99001;1;B;9;0;2023;2023;2023;2;V;22;403;2022;1;7.0;1;2;2;20240901;0
10905;2023;DEMO;DEMO;99001;1;B;9;0;2023;2023;2023;1;M;19;404;2022;1;7.5;1;1;1;20230901;20230831
10911;2023;DEMO;DEMO;99001;1;B;9;0;2023;2023;2023;1;M;18;405;2021;1;7.3;1;1;1;20230901;0
10911;2024;DEMO;DEMO;99001;1;B;9;0;2023;2023;2023;2;M;19;405;2022;1;7.3;1;2;2;20240901;0
10913;2023;DEMO;DEMO;99001;1;B;9;0;2023;2023;2023;1;V;19;405;2023;1;6.9;1;1;1;20230901;0
10913;2024;DEMO;DEMO;99001;1;B;9;0;2023;2023;2023;2;V;20;405;2022;1;6.9;1;2;2;20240901;0
10928;2023;DEMO;DEMO;99001;1;B;9;0;2023;2023;2023;1;V;20;405;2023;1;6.8;1;1;1;20230901;20230831
10931;2023;DEMO;DEMO;99001;1;B;9;0;2023;2023;2023;1;M;19;405;2023;1;7.2;1;1;1;20230901;0
10931;2024;DEMO;DEMO;99001;1;B;9;0;2023;2023;2023;2;M;20;405;2023;1;7.2;1;2;2;20240901;0
10933;2023;DEMO;DEMO;99001;1;B;9;0;2023;2023;2023;1;M;20;411;2023;1;6.3;1;1;1;20230901;0
10933;2024;DEMO;DEMO;99001;1;B;9;0;2023;2023;2023;2;M;21;411;2022;1;6.3;1;2;2;20240901;0
10935;2023;DEMO;DEMO;99001;1;B;9;0;2023;2023;2023;1;M;18;404;2023;1;6.2;1;1;1;20230901;0
10935;2024;DEMO;DEMO;99001;1;B;9;0;2023;2023;2023;2;M;19;404;2021;1;6.2;1;2;2;20240901;0
10937;2023;DEMO;DEMO;99001;1;B;9;0;2023;2023;2023;1;V;18;404;2021;1;7.6;1;1;1;20230901;0
10937;2024;DEMO;DEMO;99001;1;B;9;0;2023;2023;2023;2;V;19;404;2023;1;7.6;1;2;2;20240901;0
10948;2023;DEMO;DEMO;99001;1;B;9;0;2023;2023;2023;1;M;19;405;2023;2;6.8;1;1;1;20230901;20230831
10951;2023;DEMO;DEMO;99001;1;B;9;0;2023;2023;2023;1;M;20;405;2023;1;7.0;1;1;1;20230901;0
10951;2024;DEMO;DEMO;99001;1;B;9;0;2023;2023;2023;2;M;21;405;2021;1;7.0;1;2;2;20240901;0
10955;2023;DEMO;DEMO;99001;1;B;9;0;2023;2023;2023;1;V;18;404;2022;4;7.8;1;1;1;20230901;0
10955;2024;DEMO;DEMO;99001;1;B;9;0;2023;2023;2023;2;V;19;404;2022;4;7.8;1;2;2;20240901;0
10963;2023;DEMO;DEMO;99001;1;B;9;0;2023;2023;2023;1;M;21;411;2021;1;7.3;1;1;1;20230901;0
10963;2024;DEMO;DEMO;99001;1;B;9;0;2023;2023;2023;2;M;22;411;2022;1;7.3;1;2;2;20240901;0
10964;2023;DEMO;DEMO;99001;1;B;9;0;2023;2023;2023;1;V;19;405;2021;1;7.2;1;1;1;20230901;20230831
10974;2023;DEMO;DEMO;99001;1;B;9;0;2023;2023;2023;1;V;20;405;2021;1;8.1;1;1;1;20230901;20230831
10977;2023;DEMO;DEMO;99001;1;B;9;0;2023;2023;2023;1;V;18;411;2023;1;6.8;1;1;1;20230901;0
10977;2024;DEMO;DEMO;99001;1;B;9;0;2023;2023;2023;2;V;19;411;2022;1;6.8;1;2;2;20240901;0
10978;2023;DEMO;DEMO;99001;1;B;9;0;2023;2023;2023;1;V;20;405;2023;7;7.5;1;1;1;20230901;0
10978;2024;DEMO;DEMO;99001;1;B;9;0;2023;2023;2023;2;V;21;405;2022;7;7.5;1;2;2;20240901;0
10983;2023;DEMO;DEMO;99001;1;B;9;0;2023;2023;2023;1;V;17;405;2021;1;8.0;1;1;1;20230901;20230831
10996;2023;DEMO;DEMO;99001;1;B;9;0;2023;2020;2023;1;M;19;502;2023;1;5.5;1;1;1;20230901;20230831
10999;2023;DEMO;DEMO;99001;1;B;9;0;2023;2023;2023;1;V;22;403;2023;1;6.0;1;1;1;20230901;20230831
11002;2023;DEMO;DEMO;99001;1;B;9;0;2023;2023;2023;1;V;21;405;2022;1;7.6;1;1;1;20230901;0
11002;2024;DEMO;DEMO;99001;1;B;9;0;2023;2023;2023;2;V;22;405;2021;1;7.6;1;2;2;20240901;0
11006;2023;DEMO;DEMO;99001;1;B;9;0;2023;2023;2023;1;M;18;404;2022;1;7.3;1;1;1;20230901;20230831
11015;2023;DEMO;DEMO;99001;1;B;9;0;2023;2023;2023;1;V;18;411;2022;1;6.5;1;1;1;20230901;0
11015;2024;DEMO;DEMO;99001;1;B;9;0;2023;2023;2023;2;V;19;411;2023;1;6.5;1;2;2;20240901;0
11016;2023;DEMO;DEMO;99001;1;B;9;0;2023;2023;2023;1;V;19;403;2023;1;6.7;1;1;1;20230901;0
11016;2024;DEMO;DEMO;99001;1;B;9;0;2023;2023;2023;2;V;20;403;2022;1;6.7;1;2;2;20240901;0
11018;2023;DEMO;DEMO;99001;1;B;9;0;2023;2023;2023;1;M;19;405;2022;1;6.3;1;1;1;20230901;0
11018;2024;DEMO;DEMO;99001;1;B;9;0;2023;2023;2023;2;M;20;405;2021;1;6.3;1;2;2;20240901;0
11021;2023;DEMO;DEMO;99001;1;B;9;0;2023;2023;2023;1;V;17;403;2021;7;6.1;1;1;1;20230901;0
11021;2024;DEMO;DEMO;99001;1;B;9;0;2023;2023;2023;2;V;18;403;2021;7;6.1;1;2;2;20240901;0
11024;2023;DEMO;DEMO;99001;1;B;9;0;2023;2023;2023;1;V;18;411;2021;1;7.4;1;1;1;20230901;0
11024;2024;DEMO;DEMO;99001;1;B;9;0;2023;2023;2023;2;V;19;411;2021;1;7.4;1;2;2;20240901;0
11026;2023;DEMO;DEMO;99001;1;B;9;0;2023;2021;2023;1;M;20;502;2022;2;6.3;1;1;1;20230901;0
11026;2024;DEMO;DEMO;99001;1;B;9;0;2023;2021;2023;2;M;21;502;2022;2;6.3;1;2;2;20240901;0
11028;2023;DEMO;DEMO;99001;1;B;9;0;2023;2020;2023;1;V;20;502;2021;1;7.5;1;1;1;20230901;0
11028;2024;DEMO;DEMO;99001;1;B;9;0;2023;2021;2023;2;V;21;502;2023;1;7.5;1;2;2;20240901;0
11031;2023;DEMO;DEMO;99001;1;B;9;0;2023;2023;2023;1;V;20;403;2022;1;5.8;1;1;1;20230901;20230831
11035;2023;DEMO;DEMO;99001;1;B;9;0;2023;2023;2023;1;V;20;405;2021;1;8.1;1;1;1;20230901;0
11035;2024;DEMO;DEMO;99001;1;B;9;0;2023;2023;2023;2;V;21;405;2022;1;8.1;1;2;2;20240901;0
11043;2023;DEMO;DEMO;99001;1;B;9;0;2023;2023;2023;1;V;20;404;2021;1;6.3;1;1;1;20230901;20230831
11044;2023;DEMO;DEMO;99001;1;B;9;0;2023;2023;2023;1;M;20;404;2022;1;7.7;1;1;1;20230901;20230831
11046;2023;DEMO;DEMO;99001;1;B;9;0;2023;2023;2023;1;M;18;405;2023;1;6.9;1;1;1;20230901;20230831
11047;2023;DEMO;DEMO;99001;1;B;9;0;2023;2023;2023;1;M;17;411;2023;1;7.8;1;1;1;20230901;20230831
11050;2023;DEMO;DEMO;99001;1;B;9;0;2023;2023;2023;1;V;18;405;2022;1;6.5;1;1;1;20230901;20230831
11054;2023;DEMO;DEMO;99001;1;B;9;0;2023;2023;2023;1;V;19;404;2021;1;6.9;1;1;1;20230901;0
11054;2024;DEMO;DEMO;99001;1;B;9;0;2023;2023;2023;2;V;20;404;2021;1;6.9;1;2;2;20240901;0
11062;2023;DEMO;DEMO;99001;1;B;9;0;2023;2023;2023;1;M;21;404;2023;1;7.0;1;1;1;20230901;0
11062;2024;DEMO;DEMO;99001;1;B;9;0;2023;2023;2023;2;M;22;404;2021;1;7.0;1;2;2;20240901;0
11066;2023;DEMO;DEMO;99001;1;B;9;0;2023;2023;2023;1;V;20;411;2023;1;7.9;1;1;1;20230901;20230831
11068;2023;DEMO;DEMO;99001;1;B;9;0;2023;2023;2023;1;M;18;411;2023;1;7.3;1;1;1;20230901;0
11068;2024;DEMO;DEMO;99001;1;B;9;0;2023;2023;2023;2;M;19;411;2023;1;7.3;1;2;2;20240901;0
11070;2023;DEMO;DEMO;99001;1;B;9;0;2023;2023;2023;1;V;18;404;2021;1;6.9;1;1;1;20230901;20230831
11071;2023;DEMO;DEMO;99001;1;B;9;0;2023;2023;2023;1;V;20;403;2021;1;6.7;1;1;1;20230901;0
11071;2024;DEMO;DEMO;99001;1;B;9;0;2023;2023;2023;2;V;21;403;2023;1;6.7;1;2;2;20240901;0
11072;2023;DEMO;DEMO;99001;1;B;9;0;2023;2023;2023;1;V;18;405;2022;1;8.0;1;1;1;20230901;0
11072;2024;DEMO;DEMO;99001;1;B;9;0;2023;2023;2023;2;V;19;405;2023;1;8.0;1;2;2;20240901;0
11074;2023;DEMO;DEMO;99001;1;B;9;0;2023;2023;2023;1;M;19;405;2023;1;7.2;1;1;1;20230901;0
11074;2024;DEMO;DEMO;99001;1;B;9;0;2023;2023;2023;2;M;20;405;2022;1;7.2;1;2;2;20240901;0
11077;2023;DEMO;DEMO;99001;1;B;9;0;2023;2023;2023;1;V;19;405;2021;1;6.8;1;1;1;20230901;0
11077;2024;DEMO;DEMO;99001;1;B;9;0;2023;2023;2023;2;V;20;405;2022;1;6.8;1;2;2;20240901;0
11079;2023;DEMO;DEMO;99001;1;B;9;0;2023;2023;2023;1;M;20;403;2023;5;7.2;1;1;1;20230901;0
11079;2024;DEMO;DEMO;99001;1;B;9;0;2023;2023;2023;2;M;21;403;2021;5;7.2;1;2;2;20240901;0
11081;2023;DEMO;DEMO;99001;1;B;9;0;2023;2023;2023;1;V;20;405;2022;7;6.8;1;1;1;20230901;20230831
11084;2023;DEMO;DEMO;99001;1;B;9;0;2023;2023;2023;1;V;18;405;2022;1;8.3;1;1;1;20230901;0
11084;2024;DEMO;DEMO;99001;1;B;9;0;2023;2023;2023;2;V;19;405;2023;1;8.3;1;2;2;20240901;0
11092;2023;DEMO;DEMO;99001;1;B;9;0;2023;2023;2023;1;V;21;403;2023;1;8.2;1;1;1;20230901;20230831
11093;2023;DEMO;DEMO;99001;1;B;9;0;2023;2023;2023;1;M;18;403;2022;1;6.6;1;1;1;20230901;20230831
11097;2023;DEMO;DEMO;99001;1;B;9;0;2023;2023;2023;1;M;18;411;2021;1;6.7;1;1;1;20230901;0
11097;2024;DEMO;DEMO;99001;1;B;9;0;2023;2023;2023;2;M;19;411;2022;1;6.7;1;2;2;20240901;0
11100;2023;DEMO;DEMO;99001;1;B;9;0;2023;2023;2023;1;M;19;403;2023;1;6.8;1;1;1;20230901;20230831
11103;2023;DEMO;DEMO;99001;1;B;9;0;2023;2023;2023;1;M;20;405;2021;1;6.1;1;1;1;20230901;20230831
11111;2023;DEMO;DEMO;99001;1;B;9;0;2023;2023;2023;1;M;19;405;2021;1;7.2;1;1;1;20230901;20230831
11112;2023;DEMO;DEMO;99001;1;B;9;0;2023;2023;2023;1;V;18;405;2022;1;6.5;1;1;1;20230901;0
11112;2024;DEMO;DEMO;99001;1;B;9;0;2023;2023;2023;2;V;19;405;2021;1;6.5;1;2;2;20240901;0
11113;2023;DEMO;DEMO;99001;1;B;9;0;2023;2023;2023;1;M;22;411;2023;1;7.8;1;1;1;20230901;0
11113;2024;DEMO;DEMO;99001;1;B;9;0;2023;2023;2023;2;M;23;411;2023;1;7.8;1;2;2;20240901;0
11114;2023;DEMO;DEMO;99001;1;B;9;0;2023;2023;2023;1;V;17;411;2023;1;6.6;1;1;1;20230901;0
11114;2024;DEMO;DEMO;99001;1;B;9;0;2023;2023;2023;2;V;18;411;2023;1;6.6;1;2;2;20240901;0
11115;2023;DEMO;DEMO;99001;1;B;9;0;2023;2021;2023;1;V;18;502;2021;1;6.5;1;1;1;20230901;20230831
11119;2023;DEMO;DEMO;99001;1;B;9;0;2023;2023;2023;1;V;18;403;2021;1;6.0;1;1;1;20230901;0
11119;2024;DEMO;DEMO;99001;1;B;9;0;2023;2023;2023;2;V;19;403;2022;1;6.0;1;2;2;20240901;0
11120;2023;DEMO;DEMO;99001;1;B;9;0;2023;2023;2023;1;V;21;405;2022;1;7.1;1;1;1;20230901;0
11120;2024;DEMO;DEMO;99001;1;B;9;0;2023;2023;2023;2;V;22;405;2023;1;7.1;1;2;2;20240901;0
11125;2023;DEMO;DEMO;99001;1;B;9;0;2023;2023;2023;1;M;20;411;2022;1;8.0;1;1;1;20230901;0
11125;2024;DEMO;DEMO;99001;1;B;9;0;2023;2023;2023;2;M;21;411;2022;1;8.0;1;2;2;20240901;0
11127;2023;DEMO;DEMO;99001;1;B;9;0;2023;2023;2023;1;M;19;405;2021;5;6.4;1;1;1;20230901;20230831
11128;2023;DEMO;DEMO;99001;1;B;9;0;2023;2023;2023;1;M;19;411;2023;1;8.3;1;1;1;20230901;0
11128;2024;DEMO;DEMO;99001;1;B;9;0;2023;2023;2023;2;M;20;411;2022;1;8.3;1;2;2;20240901;0
11129;2023;DEMO;DEMO;99001;1;B;9;0;2023;2021;2023;1;M;19;502;2023;1;6.1;1;1;1;20230901;0
11129;2024;DEMO;DEMO;99001;1;B;9;0;2023;2022;2023;2;M;20;502;2021;1;6.1;1;2;2;20240901;0
11134;2023;DEMO;DEMO;99001;1;B;9;0;2023;2023;2023;1;V;19;405;2023;1;7.8;1;1;1;20230901;0
11134;2024;DEMO;DEMO;99001;1;B;9;0;2023;2023;2023;2;V;20;405;2022;1;7.8;1;2;2;20240901;0
11136;2023;DEMO;DEMO;99001;1;B;9;0;2023;2020;2023;1;M;18;502;2021;1;6.9;1;1;1;20230901;0
11136;2024;DEMO;DEMO;99001;1;B;9;0;2023;2021;2023;2;M;19;502;2021;1;6.9;1;2;2;20240901;0
11141;2023;DEMO;DEMO;99001;1;B;9;0;2023;2023;2023;1;V;19;404;2022;4;7.7;1;1;1;20230901;20230831
11146;2023;DEMO;DEMO;99001;1;B;9;0;2023;2023;2023;1;V;17;411;2022;5;6.5;1;1;1;20230901;0
11146;2024;DEMO;DEMO;99001;1;B;9;0;2023;2023;2023;2;V;18;411;2023;5;6.5;1;2;2;20240901;0
11149;2023;DEMO;DEMO;99001;1;B;9;0;2023;2023;2023;1;M;18;402;2021;1;6.9;1;1;1;20230901;0
11149;2024;DEMO;DEMO;99001;1;B;9;0;2023;2023;2023;2;M;19;402;2021;1;6.9;1;2;2;20240901;0
11150;2023;DEMO;DEMO;99001;1;B;9;0;2023;2023;2023;1;V;21;403;2022;1;6.8;1;1;1;20230901;0
11150;2024;DEMO;DEMO;99001;1;B;9;0;2023;2023;2023;2;V;22;403;2021;1;6.8;1;2;2;20240901;0
